recommender,avg_distance_km,avg_travel_time_hours,cross_district_share,unique_transitions,total_legs
personalized,1.8965968789001648,0.2837290906287548,0.41832284953498244,89,25913
popularity,1.670790494492176,0.24510104246820855,0.30840791333019313,11,25476
sustainable,2.6616326222337787,0.4066323224014833,0.4797667638483965,99,25725
