recommender,avg_distance_km,avg_travel_time_hours,cross_district_share,unique_transitions,total_legs
personalized,2.2445928591078683,0.3323877967725035,0.44435623823062437,109,108332
popularity,2.010082632753263,0.2895335183873887,0.3946022857667416,97,108935
sustainable,2.7987004118450525,0.41902196937416947,0.4803767071889539,109,106608
